"","ID","type","context","pluginUserID","timestamp","userScreenName","userName"
"1",745,"profileSummaryViewed","https://twitter.com/",3,1427282977,"@johnharris1969","JohnHarris"
"2",2457,"profileSummaryViewed","https://twitter.com/",3,1427963699,"@IR_oldie","MarkSanderson"
"3",2725,"profileSummaryViewed","https://twitter.com/",3,1427972465,"@jerepick","JeremyPickens"
"4",2952,"profileSummaryViewed","https://twitter.com/",3,1427984292,"@IBM","IBMVerifiedaccount"
"5",3758,"profileSummaryViewed","https://twitter.com/i/notifications",3,1428096280,NA,NA
"6",3953,"profileSummaryViewed","https://twitter.com/i/notifications",3,1428170555,"@CharlotteHase","ClaudiaHauff"
"7",7942,"profileSummaryViewed","https://twitter.com/i/notifications",3,1429133753,"@bittenessential","MarieWilliams"
"8",8748,"profileSummaryViewed","https://twitter.com/i/notifications",3,1429207208,"@ThiemoKersting","ThiemoK"
"9",12184,"profileSummaryViewed","https://twitter.com/i/notifications",3,1429683101,"@leifos","LeifAzzopardi"
"10",12865,"profileSummaryViewed","https://twitter.com/i/notifications",3,1429691050,"@alansaid","AlanSaid"
"11",12887,"profileSummaryViewed","https://twitter.com/i/notifications",3,1429691077,"@arjenpdevries","ArjenP.deVries"
"12",13195,"profileSummaryViewed","https://twitter.com/i/notifications",3,1429692237,"@layinontrees","JohnAigner"
"13",13940,"profileSummaryViewed","https://twitter.com/i/notifications",3,1429694606,"@lektorskiy2","MiaFowler"
"14",14997,"profileSummaryViewed","https://twitter.com/i/notifications",3,1429736717,"@KLM","RoyalDutchAirlinesVerifiedaccount"
"15",21598,"profileSummaryViewed","https://twitter.com/search?src=typd&q=%23kftf",3,1430390095,"@IgorBrigadir","IgorBrigadir"
"16",21660,"profileSummaryViewed","https://twitter.com/HackedOffHugh/status/593705200386465792",3,1430391187,"@HackedOffHugh","HughGrantVerifiedaccount"
"17",29148,"profileSummaryViewed","https://twitter.com/i/notifications",3,1431290164,"@ingo_keck","IngoKeck"
"18",30015,"profileSummaryViewed","https://twitter.com/search?f=realtime&q=%23kftf&src=typd",3,1431345175,"@zephoria","danahboydVerifiedaccount"
"19",32917,"profileSummaryViewed","https://twitter.com/",3,1431500805,NA,NA
"20",33303,"profileSummaryViewed","https://twitter.com/",3,1431549077,"@dtunkelang","DanielTunkelang"
"21",33448,"profileSummaryViewed","https://twitter.com/",3,1431553556,"@RichwilBBC","RichardWilson"
"22",70194,"profileSummaryViewed","https://twitter.com/",3,1433490178,"@ACM_CHIIR","ACMCHIIR"
"23",70226,"profileSummaryViewed","https://twitter.com/ACM_CHIIR",3,1433490233,"@gingdottwit","MaxL.Wilson"
"24",73898,"profileSummaryViewed","https://twitter.com/i/notifications",3,1433615255,"@JimiShan","james"
"25",78938,"profileSummaryViewed","https://twitter.com/",3,1433766925,"@GeorgeMonbiot","GeorgeMonbiot"
"26",94237,"profileSummaryViewed","https://twitter.com/i/notifications",3,1434485481,"@Vrenimeni","VreniMeni"
"27",106006,"profileSummaryViewed","https://twitter.com/",3,1435004020,"@mcphoo","m.c.schraefel"
"28",108231,"profileSummaryViewed","https://twitter.com/hashtag/recsys?src=hash",3,1435178236,"@alansaid","AlanSaid"
"29",108249,"profileSummaryViewed","https://twitter.com/alansaid/status/613792987190005760",3,1435178319,"@delsweil","DavidElsweiler"
"30",108477,"profileSummaryViewed","https://twitter.com/i/notifications",3,1435226769,"@KikiiSe","KikiSergel"
"31",113997,"profileSummaryViewed","https://twitter.com/recsys2015",3,1435590495,"@ACMRecSys","ACMRecSys"
"32",114093,"profileSummaryViewed","https://twitter.com/hashtag/recsys2015?src=hash",3,1435590700,"@delsweil","DavidElsweiler"
"33",114139,"profileSummaryViewed","https://twitter.com/i/notifications",3,1435592329,"@ctrattner","ChristophTrattner"
"34",114340,"profileSummaryViewed","https://twitter.com/i/notifications",3,1435603922,"@dvalcarce","DanielValcarce"
"35",114555,"profileSummaryViewed","https://twitter.com/",3,1435604224,"@alansaid","AlanSaid"
"36",116805,"profileSummaryViewed","https://twitter.com/i/notifications",3,1435692354,"@MisterMuti","HartmutGlücker"
"37",116981,"profileSummaryViewed","https://twitter.com/i/notifications",3,1435695403,"@Vrenimeni","VreniMeni"
"38",117065,"profileSummaryViewed","https://twitter.com/i/notifications",3,1435696248,"@urakhova_zina","HarperBarber"
"39",117078,"profileSummaryViewed","https://twitter.com/i/notifications",3,1435696293,"@alansaid","AlanSaid"
"40",120299,"profileSummaryViewed","https://twitter.com/",3,1435838619,"@usabart","BartKnijnenburg"
"41",120390,"profileSummaryViewed","https://twitter.com/",3,1435838760,"@jteevan","JaimeTeevan"
"42",120431,"profileSummaryViewed","https://twitter.com/",3,1435838879,"@danielequercia","Quercia"
"43",130964,"profileSummaryViewed","https://twitter.com/",3,1436302632,"@stewhir","StewartWhiting"
"44",145538,"profileSummaryViewed","https://twitter.com/",3,1437039362,"@HCI_2015","BritishHCI2015"
"45",145689,"profileSummaryViewed","https://twitter.com/NicolaSturgeon/status/621621589038235648",3,1437042452,"@NicolaSturgeon","NicolaSturgeonVerifiedaccount"
"46",861,"profileSummaryViewed","https://twitter.com/search?f=realtime&q=580724223422935040",7,1427290652,"@riedeldavid","DavidRiedelVerifizierterAccount"
"47",2136,"profileSummaryViewed","https://twitter.com/",7,1427884167,NA,NA
"48",6065,"profileSummaryViewed","https://twitter.com/",7,1428649657,"@mattcutts","MattCuttsVerifizierterAccount"
"49",7371,"profileSummaryViewed","https://twitter.com/",7,1429020129,"@ZaliPonya","Ponchok"
"50",10344,"profileSummaryViewed","https://twitter.com/",7,1429539953,"@arnefriedrich","ArneFriedrichVerifizierterAccount"
"51",31492,"profileSummaryViewed","https://twitter.com/",7,1431425221,"@goldenkrishna","GoldenKrishna"
"52",44449,"profileSummaryViewed","https://twitter.com/",7,1432037397,"@Peter_Schaar","PeterSchaar"
"53",51446,"profileSummaryViewed","https://twitter.com/",7,1432641003,"@fietsprofessor","CyclingProfessor"
"54",51450,"profileSummaryViewed","https://twitter.com/",7,1432641022,"@helmetfreedom","helmetfreedom"
"55",51454,"profileSummaryViewed","https://twitter.com/",7,1432641041,"@fietsprofessor","CyclingProfessor"
"56",55248,"profileSummaryViewed","https://twitter.com/",7,1432810027,"@ProfBrianCox","BrianCoxVerifizierterAccount"
"57",93741,"profileSummaryViewed","https://twitter.com/",7,1434452534,"@Lennart_Benz","BernhardHiergeist"
"58",93941,"profileSummaryViewed","https://twitter.com/",7,1434466316,"@MJMcKean","MichaelMcKeanVerifizierterAccount"
"59",95067,"profileSummaryViewed","https://twitter.com/",7,1434535590,"@dominikus","DominikusBaur"
"60",97774,"profileSummaryViewed","https://twitter.com/",7,1434611745,"@SZ_Politik","SZPolitikVerifizierterAccount"
"61",99503,"profileSummaryViewed","https://twitter.com/",7,1434705782,"@Sing2X","Sing"
"62",105412,"profileSummaryViewed","https://twitter.com/hashtag/Gomez?src=tren",7,1434973903,"@ULattek","UdoLattek"
"63",107931,"profileSummaryViewed","https://twitter.com/",7,1435144404,"@TargA01","KristofferM"
"64",108351,"profileSummaryViewed","https://twitter.com/",7,1435225399,"@scarybeasts","ChrisEvans"
"65",115896,"profileSummaryViewed","https://twitter.com/",7,1435659489,"@SZ_Politik","SZPolitikVerifizierterAccount"
"66",131797,"profileSummaryViewed","https://twitter.com/",7,1436361426,"@UoNComputerSci","UoNComputerScience"
"67",140791,"profileSummaryViewed","https://twitter.com/",7,1436872902,"@BSchweinsteiger","BastiSchweinsteigerVerifizierterAccount"
"68",143190,"profileSummaryViewed","https://twitter.com/i/notifications",7,1436950313,"@MichaPummeluff","MichaelaWaldmann"
"69",143434,"profileSummaryViewed","https://twitter.com/",7,1436972321,"@snobstudent","M"
"70",155138,"profileSummaryViewed","https://twitter.com/",7,1437401801,"@AIDpodcast","AdventuresInDesign"
"71",162352,"profileSummaryViewed","https://twitter.com/",7,1437733970,"@LindseyGrahamSC","LindseyGrahamVerifizierterAccount"
"72",1136,"profileSummaryViewed","https://twitter.com/",8,1427449609,"@t3n","t3nMagazinVerifiedaccount"
"73",1767,"profileSummaryViewed","https://twitter.com/i/notifications",8,1427798697,"@VisionRapp","VISION."
"74",4173,"profileSummaryViewed","https://twitter.com/",8,1428260476,"@ajitjohnson_n","AjitJohnsonNirmal"
"75",4314,"profileSummaryViewed","https://twitter.com/layinontrees/status/571415198432686080",8,1428339872,"@layinontrees","JohnAigner"
"76",9034,"profileSummaryViewed","https://twitter.com/i/notifications",8,1429259079,"@jupojp","JulianPörsch"
"77",9105,"profileSummaryViewed","https://twitter.com/",8,1429276137,"@layinontrees","JohnAigner"
"78",9177,"profileSummaryViewed","https://twitter.com/",8,1429276780,"@golem","Golem.deVerifiedaccount"
"79",9199,"profileSummaryViewed","https://twitter.com/i/discover",8,1429276845,"@uxmag","UXMagazine"
"80",11655,"profileSummaryViewed","https://twitter.com/hashtag/happyBirthdayJulian?src=tren",8,1429609197,"@julienco_","JulianVerifiedaccount"
"81",13485,"profileSummaryViewed","https://twitter.com/",8,1429693433,"@delsweil","DavidElsweiler"
"82",13543,"profileSummaryViewed","https://twitter.com/",8,1429693561,"@delsweil","DavidElsweiler"
"83",13904,"profileSummaryViewed","https://twitter.com/i/notifications",8,1429694422,"@lektorskiy2","MiaFowler"
"84",15748,"profileSummaryViewed","https://twitter.com/",8,1429860474,"@Real_CSS_Tricks","CSS-Tricks"
"85",15841,"profileSummaryViewed","https://twitter.com/",8,1429866014,"@9GAG","9GAG"
"86",16138,"profileSummaryViewed","https://twitter.com/",8,1429954574,"@layinontrees","JohnAigner"
"87",16268,"profileSummaryViewed","https://twitter.com/",8,1429954955,"@TravisBTP","TravisMendes"
"88",17465,"profileSummaryViewed","https://twitter.com/i/notifications",8,1430142861,"@dbeniwal21","DineshBeniwal"
"89",19732,"profileSummaryViewed","https://twitter.com/",8,1430295081,"@t3n","t3nMagazinVerifiedaccount"
"90",19935,"profileSummaryViewed","https://twitter.com/i/notifications",8,1430298459,"@felixkalley","FelixKalley"
"91",20152,"profileSummaryViewed","https://twitter.com/search?q=%23kftf&src=typd",8,1430300051,"@mattesgoertz","MatthiasGörtz"
"92",37460,"profileSummaryViewed","https://twitter.com/",8,1431684993,"@8urghardt","ManuelBurghardt"
"93",57198,"profileSummaryViewed","https://twitter.com/search?q=%23wallpaper&src=typd&vertical=default&f=images",8,1432978308,"@dsktps","dsktps"
"94",131558,"profileSummaryViewed","https://twitter.com/search?q=%40Eslocuraporti&src=typd",8,1436343852,"@Eslocuraporti","??Locuraporti??"
"95",135980,"profileSummaryViewed","https://twitter.com/search?q=SimonFoster01&src=typd",8,1436696801,"@SimonFoster01","SimonFoster"
"96",136194,"profileSummaryViewed","https://twitter.com/Manuelitocr77/status/618938470719885312/photo/1",8,1436698339,"@Manuelitocr77","ManuelCañenguezR."
"97",138434,"profileSummaryViewed","https://twitter.com/search?q=%40_iMicB&src=typd",8,1436773420,"@_iMicB","MicB"
"98",138487,"profileSummaryViewed","https://twitter.com/search?q=%40Iggy_RitaBR&src=typd",8,1436773582,"@Iggy_RitaBR","Iggy&RitaBR"
"99",143051,"profileSummaryViewed","https://twitter.com/",8,1436948959,"@WIRED","WIREDVerifiedaccount"
"100",143070,"profileSummaryViewed","https://twitter.com/search?q=%40IamMsValeria&src=typd",8,1436949042,"@IamMsValeria","Ms.Valeria?"
"101",143296,"profileSummaryViewed","https://twitter.com/search?q=%40IdkuX3&src=typd",8,1436958732,"@IdkuX3","sehatindo"
"102",150223,"profileSummaryViewed","https://twitter.com/search?q=Apotheken-Umschau&src=typd",8,1437210254,"@AU_de","ApothekenUmschau"
"103",150241,"profileSummaryViewed","https://twitter.com/search?q=ADAC%20motorwelt&src=typd",8,1437210319,"@ADAC","ADACVerifiedaccount"
"104",150253,"profileSummaryViewed","https://twitter.com/search?q=Bleibgesund&src=typd&vertical=default&f=users",8,1437210382,"@BleibGesund","RatgeberGesundheit"
"105",154654,"profileSummaryViewed","https://twitter.com/search?q=die%20zeit&src=typd",8,1437386740,"@DIEZEIT","DIEZEITVerifiedaccount"
"106",154699,"profileSummaryViewed","https://twitter.com/search?q=angela%20merkel&src=typd",8,1437386822,"@Angie_Merkel","AngelaMerkel"
"107",154738,"profileSummaryViewed","https://twitter.com/search?f=users&q=hsbc",8,1437387588,NA,NA
"108",154739,"profileSummaryViewed","https://twitter.com/search?f=users&q=hsbc",8,1437387598,"@HSBC_Press","HSBCPressOfficeVerifiedaccount"
"109",154773,"profileSummaryViewed","https://twitter.com/search?f=users&q=Bnp%20p",8,1437387737,"@BNPPRE","BNPPRealEstateVerifiedaccount"
"110",154780,"profileSummaryViewed","https://twitter.com/search?f=users&q=Allianz%20SE",8,1437387761,"@Allianz","AllianzVerifiedaccount"
"111",154876,"profileSummaryViewed","https://twitter.com/search?f=users&q=bild",8,1437389773,"@BILD","BILDVerifiedaccount"
"112",154882,"profileSummaryViewed","https://twitter.com/",8,1437390553,"@ChristopherJM","ChristopherMillerVerifiedaccount"
"113",1368,"profileSummaryViewed","https://twitter.com/BVG_Kampagne/status/554953647403323393",9,1427717134,"@BVG_Bus","BVGBus"
"114",6819,"profileSummaryViewed","https://twitter.com/search?q=bitbucket&src=typd",9,1428932131,"@Bitbucket","AtlassianBitbucket"
"115",6834,"profileSummaryViewed","https://twitter.com/",9,1428932194,"@Bitbucket","AtlassianBitbucket"
"116",27579,"profileSummaryViewed","https://twitter.com/DanNerdCubed/status/596342570722131968",9,1431073235,NA,NA
"117",37771,"profileSummaryViewed","https://twitter.com/search?q=larakaaa&src=typd",9,1431699360,"@LaraKaaa","UnbreakableLaraKaa"
"118",65249,"profileSummaryViewed","https://twitter.com/DanNerdCubed/status/603176567456530432",9,1433258781,"@DanNerdCubed","Nerd³"
"119",65268,"profileSummaryViewed","https://twitter.com/ThatRoyalNob/status/605756755990204417",9,1433258884,"@DanNerdCubed","Nerd³"
"120",145825,"profileSummaryViewed","https://twitter.com/i/notifications",9,1437050982,"@MichaPummeluff","MichaelaWaldmann"
"121",146035,"profileSummaryViewed","https://twitter.com/i/notifications",9,1437058716,"@MichaPummeluff","MichaelaWaldmann"
"122",1035,"profileSummaryViewed","https://twitter.com/",11,1427368861,"@janboehm","JanBöhmermannVerifizierterAccount"
"123",1594,"profileSummaryViewed","https://twitter.com/",16,1427776092,"@Doener","StephanDörnerVerifizierterAccount"
"124",2100,"profileSummaryViewed","https://twitter.com/",16,1427880436,"@heisedc","heiseDeveloperVerifizierterAccount"
"125",2627,"profileSummaryViewed","https://twitter.com/",16,1427968026,"@therealmoneyboy","MoneyBoy"
"126",7663,"profileSummaryViewed","https://twitter.com/",16,1429090133,"@Doener","StephanDörnerVerifizierterAccount"
"127",21867,"profileSummaryViewed","https://twitter.com/i/notifications",16,1430393501,"@laura_becki","LauraBecki"
"128",79833,"profileSummaryViewed","https://twitter.com/MedienInfRgb/status/607947360694636544/photo/1",16,1433782094,"@MedienInfRgb","MedieninformatikRgb"
"129",79839,"profileSummaryViewed","https://twitter.com/MedienInfRgb/status/607947360694636544/photo/1",16,1433782105,"@MedienInfRgb","MedieninformatikRgb"
"130",133363,"profileSummaryViewed","https://twitter.com/martinsonneborn/status/567716942858162176",16,1436437440,NA,NA
"131",167660,"profileSummaryViewed","https://twitter.com/oOtrinityOo/status/74920817900785664",16,1438037703,NA,NA
"132",1654,"profileSummaryViewed","https://twitter.com/i/notifications",17,1427787433,"@ElsePulley","ElsePulley"
"133",4400,"profileSummaryViewed","https://twitter.com/i/notifications",17,1428404206,"@cambo225","campruitt"
"134",4431,"profileSummaryViewed","https://twitter.com/i/notifications",17,1428404239,"@IcemoonPromo_UK","Promo|#NowPlaying"
"135",4464,"profileSummaryViewed","https://twitter.com/i/notifications",17,1428404269,"@ElsePulley","ElsePulley"
"136",4488,"profileSummaryViewed","https://twitter.com/i/notifications",17,1428404335,"@DrakeDominates","DrakeDominates"
"137",6134,"profileSummaryViewed","https://twitter.com/i/notifications",17,1428840857,"@KnowYourSong","KnowYourSong.com"
"138",6154,"profileSummaryViewed","https://twitter.com/i/notifications",17,1428840885,"@1996Tommy","Global"
"139",6163,"profileSummaryViewed","https://twitter.com/i/notifications",17,1428840901,"@tone_does_it","hustleboyzent"
"140",6171,"profileSummaryViewed","https://twitter.com/i/notifications",17,1428840908,"@alucard239","AlucardPhoenix"
"141",6179,"profileSummaryViewed","https://twitter.com/i/notifications",17,1428840919,"@IcemoonPromo_UK","Promo|#NowPlaying"
"142",6186,"profileSummaryViewed","https://twitter.com/i/notifications",17,1428840978,"@ElsePulley","ElsePulley"
"143",6192,"profileSummaryViewed","https://twitter.com/i/notifications",17,1428840991,"@JunadStackz","Junad"
"144",6208,"profileSummaryViewed","https://twitter.com/i/notifications",17,1428841012,"@JayZEternal","Jay-ZEternal"
"145",6215,"profileSummaryViewed","https://twitter.com/i/notifications",17,1428841019,"@JayzJournal","Jay-zJournal"
"146",6233,"profileSummaryViewed","https://twitter.com/i/notifications",17,1428841340,NA,NA
"147",6264,"profileSummaryViewed","https://twitter.com/fucktyler/status/586016081715658752",17,1428852601,NA,NA
"148",6301,"profileSummaryViewed","https://twitter.com/fucktyler/status/587310239080300545",17,1428860882,"@fucktyler","Tyler,TheCreatorVerifiedaccount"
"149",7234,"profileSummaryViewed","https://twitter.com/i/notifications",17,1428950610,"@tricradio","Tri-CRadio"
"150",7268,"profileSummaryViewed","https://twitter.com/",17,1428950716,"@badbadnotgood","BADBADNOTGOODIII:)Verifiedaccount"
"151",9284,"profileSummaryViewed","https://twitter.com/hashtag/RecordStoreDay?src=tren",17,1429368188,"@cactus_music","cactus_music"
"152",9295,"profileSummaryViewed","https://twitter.com/hashtag/RecordStoreDay?src=tren",17,1429368495,"@gardenandgunmag","Garden&Gun"
"153",9608,"profileSummaryViewed","https://twitter.com/",17,1429370856,"@fucktyler","Tyler,TheCreatorVerifiedaccount"
"154",9641,"profileSummaryViewed","https://twitter.com/cesera_suarez22/status/589254795191451648",17,1429371072,"@dash_radio","DashRadio"
"155",10092,"profileSummaryViewed","https://twitter.com/fucktyler/status/588436875381096448/photo/1",17,1429451508,NA,NA
"156",10097,"profileSummaryViewed","https://twitter.com/i/notifications",17,1429451531,"@jennifercandee","JenniferCandee"
"157",10143,"profileSummaryViewed","https://twitter.com/",17,1429456021,"@Maya_Adachi","Maya"
"158",16780,"profileSummaryViewed","https://twitter.com/hashtag/wch10",17,1430064576,"@scaryperry818","PerryF.Caravello"
"159",16785,"profileSummaryViewed","https://twitter.com/hashtag/wch10",17,1430064588,"@SimplyDon1","DonBarris"
"160",19485,"profileSummaryViewed","https://twitter.com/",17,1430244793,NA,NA
"161",25858,"profileSummaryViewed","https://twitter.com/i/notifications",17,1430843126,NA,NA
"162",28521,"profileSummaryViewed","https://twitter.com/whit537/status/215233861012041728",17,1431183244,"@seanharper","seanharper"
"163",42759,"profileSummaryViewed","https://twitter.com/fucktyler/status/599674830892445697",17,1431884774,"@OG_PrivateJoy","BeejayIvie"
"164",49979,"profileSummaryViewed","https://twitter.com/i/notifications",17,1432551177,"@RodneyAnon","RodneyAnonymous"
"165",49987,"profileSummaryViewed","https://twitter.com/i/notifications",17,1432551187,"@anidemjb","Lisa"
"166",55036,"profileSummaryViewed","https://twitter.com/i/notifications",17,1432807339,"@PolReddit","PoliticsNews"
"167",55872,"profileSummaryViewed","https://twitter.com/earlxsweat/status/385226050482872320",17,1432836570,NA,NA
"168",61349,"profileSummaryViewed","https://twitter.com/",17,1433094204,"@OG_PrivateJoy","BeejayIvie"
"169",68916,"profileSummaryViewed","https://twitter.com/hashtag/edexcelmaths",17,1433444659,"@hannahkaty","Hannah"
"170",68929,"profileSummaryViewed","https://twitter.com/hashtag/edexcelmaths",17,1433444714,"@EdexcelMaths","EdexcelMathsPapers"
"171",79661,"profileSummaryViewed","https://twitter.com/whoarehigh",17,1433776549,"@IndyMusicVibe","317:IndyMusicVibe"
"172",79664,"profileSummaryViewed","https://twitter.com/dash_oddfuture",17,1433776621,NA,NA
"173",79665,"profileSummaryViewed","https://twitter.com/dash_oddfuture",17,1433776624,"@dash_oddfuture","OFRADIONOWPLAYING"
"174",79692,"profileSummaryViewed","https://twitter.com/TylerTaughtHer",17,1433776810,"@ShannonIhrke","ShannonIhrke"
"175",79757,"profileSummaryViewed","https://twitter.com/",17,1433778105,"@OddFutureRadio","OddFutureRadio"
"176",79773,"profileSummaryViewed","https://twitter.com/OddFutureRadio/status/607934961262469120",17,1433778132,"@Theshanepowers","ShanePowers"
"177",79776,"profileSummaryViewed","https://twitter.com/OddFutureRadio/status/607934961262469120",17,1433778139,"@chrisvanger","chrisvanger"
"178",79778,"profileSummaryViewed","https://twitter.com/OddFutureRadio/status/607934961262469120",17,1433778145,"@MarshallBarnes","MarshallBarnes"
"179",79780,"profileSummaryViewed","https://twitter.com/OddFutureRadio/status/607934961262469120",17,1433778149,NA,NA
"180",79783,"profileSummaryViewed","https://twitter.com/OddFutureRadio/status/607934961262469120",17,1433778156,"@chrisvanger","chrisvanger"
"181",82692,"profileSummaryViewed","https://twitter.com/oneplus",17,1433839087,"@jd","jonbradford"
"182",82756,"profileSummaryViewed","https://twitter.com/",17,1433839174,"@watzatsong","watzatsong"
"183",83187,"profileSummaryViewed","https://twitter.com/ryanleslie/status/551528793471717376",17,1433870980,"@FloPMT","FlorianErlemann"
"184",84258,"profileSummaryViewed","https://twitter.com/i/notifications",17,1433934996,NA,NA
"185",84260,"profileSummaryViewed","https://twitter.com/i/notifications",17,1433935004,"@SuperDuperKyle","KYLEVerifiedaccount"
"186",86680,"profileSummaryViewed","https://twitter.com/i/notifications",17,1434023585,"@jimxtim","?"
"187",86702,"profileSummaryViewed","https://twitter.com/",17,1434023660,"@anidemjb","Lisa"
"188",86709,"profileSummaryViewed","https://twitter.com/anidemjb/status/608958222863433729",17,1434023671,NA,NA
"189",86748,"profileSummaryViewed","https://twitter.com/dash_radio",17,1434023744,NA,NA
"190",86785,"profileSummaryViewed","https://twitter.com/dash_radio",17,1434023839,NA,NA
"191",86876,"profileSummaryViewed","https://twitter.com/dash_radio",17,1434024191,"@Mariaa_Vigil","MariaVigil"
"192",86955,"profileSummaryViewed","https://twitter.com/oddfuckingtaco",17,1434028525,NA,NA
"193",90115,"profileSummaryViewed","https://twitter.com/i/notifications",17,1434298392,"@Toronto_us","TorontoTopics"
"194",30369,"profileSummaryViewed","https://twitter.com/",25,1431371074,"@iamjohnoliver","JohnOliverVerifizierterAccount"
"195",94323,"profileSummaryViewed","https://twitter.com/",25,1434485795,"@CraigyFerg","CraigFergusonVerifizierterAccount"
"196",102378,"profileSummaryViewed","https://twitter.com/xkcdbracket/status/611657089941815296?t=1&cn=cmVjb3NfbmV0d29ya19kaWdlc3RfdHJpZ2dlcmVk&sig=dd941fdb3c2b6a0bd350236e7e3afc170754c4a9&al=1&refsrc=email&iid=7f1cb95e3d67434f9a43674c55eab277&autoactions=1434719676&uid=2852027806&nid=244+143",25,1434829760,"@xkcdbracket","XKCDBracket"
"197",140660,"profileSummaryViewed","https://twitter.com/",38,1436868551,"@LydiaWinters","Lydia"
"198",139334,"profileSummaryViewed","https://twitter.com/tantrumaddicted",39,1436805825,"@tantrumaddicted","Marco"
"199",143518,"profileSummaryViewed","https://twitter.com/i/notifications",39,1436975871,NA,NA
"200",143519,"profileSummaryViewed","https://twitter.com/i/notifications",39,1436975885,"@thefocused_life","focusedlifestyle"
"201",30255,"profileSummaryViewed","https://twitter.com/3gerardpique/status/597404209760305153",42,1431367533,"@3gerardpique","GerardPiquéVerifizierterAccount"
"202",65090,"profileSummaryViewed","https://twitter.com/i/notifications",42,1433232339,"@BeaumontVera","VeraBeaumont"
"203",65140,"profileSummaryViewed","https://twitter.com/",42,1433233088,"@nutenough","ChristianWeberGeschützteTweets"
"204",11039,"profileSummaryViewed","https://twitter.com/",43,1429566162,"@ahasyshnonh","?é???"
"205",11466,"profileSummaryViewed","https://twitter.com/i/notifications",43,1429568953,"@SpacePopcicles","CindyMartinez"
"206",11798,"profileSummaryViewed","https://twitter.com/",43,1429640029,"@luvparis","Carla"
"207",16344,"profileSummaryViewed","https://twitter.com/i/notifications",43,1429961253,"@derfusi","derfusimedia"
"208",16410,"profileSummaryViewed","https://twitter.com/i/notifications",43,1429970159,"@JimmyMowery","JimmyMowery"
"209",20974,"profileSummaryViewed","https://twitter.com/",43,1430334884,"@TheElisaLeone","ElisaLeone"
"210",22792,"profileSummaryViewed","https://twitter.com/NeonMancinelli",43,1430517194,"@alexbervoetsbe","AlexBervoets"
"211",22797,"profileSummaryViewed","https://twitter.com/NeonMancinelli",43,1430517209,"@LeoSestili","LeoSestili"
"212",22803,"profileSummaryViewed","https://twitter.com/i/notifications",43,1430517225,"@teomilea","TeoMilea"
"213",22806,"profileSummaryViewed","https://twitter.com/i/notifications",43,1430517231,"@LeoSestili","LeoSestili"
"214",22970,"profileSummaryViewed","https://twitter.com/",43,1430521656,"@GoogleExpertUK","SusanDolan"
"215",22986,"profileSummaryViewed","https://twitter.com/",43,1430522075,"@Aimeevera84","AVH84"
"216",23793,"profileSummaryViewed","https://twitter.com/",43,1430606934,"@RachelCMartinez","RachelMartinez"
"217",24311,"profileSummaryViewed","https://twitter.com/",43,1430689563,NA,NA
"218",24330,"profileSummaryViewed","https://twitter.com/i/notifications",43,1430691628,"@niallbyrne_","NiallByrne"
"219",25123,"profileSummaryViewed","https://twitter.com/stefzollbrecht/status/586258713209659393",43,1430770807,"@alexbervoetsbe","AlexBervoets"
"220",25132,"profileSummaryViewed","https://twitter.com/alexbervoetsbe/status/595161945025736705",43,1430770837,"@alexbervoetsbe","AlexBervoets"
"221",25210,"profileSummaryViewed","https://twitter.com/i/notifications",43,1430771510,"@_TylerCasselman","TylerCasselman"
"222",25233,"profileSummaryViewed","https://twitter.com/i/notifications",43,1430772500,NA,NA
"223",25592,"profileSummaryViewed","https://twitter.com/",43,1430815615,"@KuVeo","KuVeo"
"224",27056,"profileSummaryViewed","https://twitter.com/i/notifications",43,1431004930,"@lookeastwest","LJBlake"
"225",28206,"profileSummaryViewed","https://twitter.com/i/notifications",43,1431118233,"@OTruta","OviTruta"
"226",43101,"profileSummaryViewed","https://twitter.com/",43,1431892351,"@SnGfilms","Shits&GigglesProd"
"227",43131,"profileSummaryViewed","https://twitter.com/i/notifications",43,1431892451,"@The_Appointment","TheAppointmentFilm"
"228",48898,"profileSummaryViewed","https://twitter.com/i/notifications",43,1432289545,"@mcmorgSoNiA","SoNiA"
"229",51513,"profileSummaryViewed","https://twitter.com/i/notifications",43,1432653353,"@MonthlyComposer","@MonthlyComposer"
"230",95230,"profileSummaryViewed","https://twitter.com/i/notifications",43,1434548104,"@Hired_NYC","HiredNYC"
"231",132223,"profileSummaryViewed","https://twitter.com/",43,1436368676,"@SexualGif","SexualGifs"
"232",132226,"profileSummaryViewed","https://twitter.com/",43,1436368683,"@bilberry_yogurt","???????????????"
"233",132314,"profileSummaryViewed","https://twitter.com/",43,1436368970,"@ThomasEnhco","ThomasEnhco"
"234",134743,"profileSummaryViewed","https://twitter.com/",43,1436565037,"@asana","AsanaVerifizierterAccount"
"235",14689,"profileSummaryViewed","https://twitter.com/search?q=Gazprom&src=tren",45,1429721687,"@almeida_lucila","LuciladeAlmeida"
"236",18649,"profileSummaryViewed","https://twitter.com/i/notifications",45,1430222562,NA,NA
"237",18653,"profileSummaryViewed","https://twitter.com/besessenvondir/status/592899580116733952",45,1430222602,"@stivviii","niemand"
"238",18654,"profileSummaryViewed","https://twitter.com/besessenvondir/status/592899580116733952",45,1430222608,"@besessenvondir","Lena"
"239",18677,"profileSummaryViewed","https://twitter.com/hashtag/FCBBVB?src=tren",45,1430222659,"@fcb_melli","MünchensWahreLiebe??"
"240",15027,"profileSummaryViewed","https://twitter.com/i/notifications?lang=de",48,1429739311,"@AnneMargotR","Anne-MargotRodde"
"241",17067,"profileSummaryViewed","https://twitter.com/i/notifications",48,1430122760,"@anonymous033","Sophie"
"242",16450,"profileSummaryViewed","https://twitter.com/search?f=realtime&q=facebook%20down&src=tyah",50,1429995675,"@NegmaColo","neGmadatacenter"
"243",36588,"profileSummaryViewed","https://twitter.com/hashtag/gntmfinale?f=realtime&src=hash",50,1431635865,"@ProSieben","ProSiebenVerifizierterAccount"
"244",21095,"profileSummaryViewed","https://twitter.com/",51,1430339116,"@waddlesplash","gusknight"
"245",37924,"profileSummaryViewed","https://twitter.com/",51,1431701570,"@cashewgames","CashewRetroGames"
"246",17606,"profileSummaryViewed","https://twitter.com/",53,1430147673,"@meier_flo","FlorianMeier"
"247",17678,"profileSummaryViewed","https://twitter.com/",53,1430150314,"@mbfuchs","Markus"
"248",17895,"profileSummaryViewed","https://twitter.com/",53,1430150703,"@alBazo","AlexanderBazo"
"249",18337,"profileSummaryViewed","https://twitter.com/search?q=augmented%20reality&src=typd",53,1430195039,"@ARtweets","AugmentedReality"
"250",18344,"profileSummaryViewed","https://twitter.com/search?q=augmented%20reality&src=typd",53,1430195060,"@AugmentedNL","AugmentedRealityNL"
"251",18547,"profileSummaryViewed","https://twitter.com/",53,1430216209,"@CoyneoftheRealm","JamesC.Coyne"
"252",18712,"profileSummaryViewed","https://twitter.com/",53,1430226135,"@mykeMosby","MeikelMosby"
"253",18741,"profileSummaryViewed","https://twitter.com/",53,1430226265,"@ThiemoKersting","ThiemoK"
"254",18798,"profileSummaryViewed","https://twitter.com/",53,1430227012,"@mbfuchs","Markus"
"255",19245,"profileSummaryViewed","https://twitter.com/",53,1430230892,"@delsweil","DavidElsweiler"
"256",19392,"profileSummaryViewed","https://twitter.com/",53,1430236083,"@delsweil","DavidElsweiler"
"257",20814,"profileSummaryViewed","https://twitter.com/",53,1430321357,"@meier_flo","FlorianMeier"
"258",22123,"profileSummaryViewed","https://twitter.com/",53,1430413975,"@RaphaelWimmer","RaphaelWimmer"
"259",22174,"profileSummaryViewed","https://twitter.com/",53,1430415709,NA,NA
"260",22205,"profileSummaryViewed","https://twitter.com/",53,1430472189,"@DOTA2","DOTA2"
"261",23116,"profileSummaryViewed","https://twitter.com/meier_flo/status/593360692528414720",53,1430551703,"@meier_flo","FlorianMeier"
"262",23155,"profileSummaryViewed","https://twitter.com/",53,1430554161,"@Rameos2","MartinDechant"
"263",23222,"profileSummaryViewed","https://twitter.com/",53,1430571153,"@ggCMonteCristo","MonteCristo"
"264",23645,"profileSummaryViewed","https://twitter.com/",53,1430592097,"@tonygrr","TonyRussell-Rose"
"265",24098,"profileSummaryViewed","https://twitter.com/",53,1430656768,"@CLGDoublelift","YiliangPeng"
"266",24222,"profileSummaryViewed","https://twitter.com/",53,1430681240,"@RiotFeralPony","FeralPony"
"267",24340,"profileSummaryViewed","https://twitter.com/",53,1430712707,"@RaphaelWimmer","RaphaelWimmer"
"268",24375,"profileSummaryViewed","https://twitter.com/",53,1430718349,"@LoLDyrus","Marcus"
"269",24408,"profileSummaryViewed","https://twitter.com/",53,1430724723,"@sjokz","EefjeDepoortere"
"270",24503,"profileSummaryViewed","https://twitter.com/",53,1430729822,"@ggCMonteCristo","MonteCristo"
"271",24627,"profileSummaryViewed","https://twitter.com/",53,1430736239,"@SkumbagKrepo","MitchVoorspoels"
"272",24645,"profileSummaryViewed","https://twitter.com/SkumbagKrepo/status/595061741572235264/photo/1",53,1430736265,"@sjokz","EefjeDepoortere"
"273",25390,"profileSummaryViewed","https://twitter.com/",53,1430801095,"@ggCMonteCristo","MonteCristo"
"274",25924,"profileSummaryViewed","https://twitter.com/",53,1430851226,"@sjokz","EefjeDepoortere"
"275",26602,"profileSummaryViewed","https://twitter.com/",53,1430931695,"@RiotQuickshot","TrevorHenry"
"276",27181,"profileSummaryViewed","https://twitter.com/",53,1431018237,"@ggCMonteCristo","MonteCristo"
"277",27190,"profileSummaryViewed","https://twitter.com/",53,1431018433,"@sjokz","EefjeDepoortere"
"278",27204,"profileSummaryViewed","https://twitter.com/",53,1431018511,"@ggCMonteCristo","MonteCristo"
"279",27209,"profileSummaryViewed","https://twitter.com/",53,1431018517,"@sjokz","EefjeDepoortere"
"280",27423,"profileSummaryViewed","https://twitter.com/",53,1431029284,"@ggCMonteCristo","MonteCristo"
"281",27843,"profileSummaryViewed","https://twitter.com/",53,1431082637,"@InfoSciUR","InfoSciUR"
"282",27867,"profileSummaryViewed","https://twitter.com/",53,1431086552,"@ggCMonteCristo","MonteCristo"
"283",27885,"profileSummaryViewed","https://twitter.com/",53,1431088945,"@ggCMonteCristo","MonteCristo"
"284",27893,"profileSummaryViewed","https://twitter.com/",53,1431089079,NA,NA
"285",28052,"profileSummaryViewed","https://twitter.com/",53,1431100236,NA,NA
"286",28088,"profileSummaryViewed","https://twitter.com/",53,1431104150,NA,NA
"287",28989,"profileSummaryViewed","https://twitter.com/",53,1431252106,"@Imaqtpielol","MichaelSantana"
"288",29367,"profileSummaryViewed","https://twitter.com/",53,1431323007,"@Locodoco","YoonsupChoi"
"289",29526,"profileSummaryViewed","https://twitter.com/",53,1431327978,NA,NA
"290",29528,"profileSummaryViewed","https://twitter.com/",53,1431328010,NA,NA
"291",29538,"profileSummaryViewed","https://twitter.com/",53,1431328027,"@ggCMonteCristo","MonteCristo"
"292",29674,"profileSummaryViewed","https://twitter.com/",53,1431336167,"@AlexIchLoL","AlexeyIchetovkin"
"293",29852,"profileSummaryViewed","https://twitter.com/",53,1431342339,"@oElementz","Elementz"
"294",30203,"profileSummaryViewed","https://twitter.com/",53,1431362072,NA,NA
"295",30247,"profileSummaryViewed","https://twitter.com/",53,1431365311,"@sjokz","EefjeDepoortere"
"296",30454,"profileSummaryViewed","https://twitter.com/",53,1431372944,"@sjokz","EefjeDepoortere"
"297",31782,"profileSummaryViewed","https://twitter.com/",53,1431437850,"@Thooorin","DuncanShields"
"298",31789,"profileSummaryViewed","https://twitter.com/",53,1431440577,"@VoyboyLoL","JoedatEsfahani"
"299",31980,"profileSummaryViewed","https://twitter.com/",53,1431453721,"@delsweil","DavidElsweiler"
"300",34614,"profileSummaryViewed","https://twitter.com/",53,1431606700,"@ps_tadler","PeterStadler"
"301",37280,"profileSummaryViewed","https://twitter.com/",53,1431673797,"@meier_flo","FlorianMeier"
"302",39576,"profileSummaryViewed","https://twitter.com/",53,1431770533,"@pr0llyLOL","pr0lly"
"303",39639,"profileSummaryViewed","https://twitter.com/",53,1431771237,"@anneohirsch","AnneOeldorf-Hirsch"
"304",40317,"profileSummaryViewed","https://twitter.com/",53,1431798441,"@WillChobra","WilliamCho"
"305",41112,"profileSummaryViewed","https://twitter.com/",53,1431837239,"@ggCMonteCristo","MonteCristo"
"306",41757,"profileSummaryViewed","https://twitter.com/",53,1431867853,"@Meiksner","Meiks"
"307",43477,"profileSummaryViewed","https://twitter.com/",53,1431945217,"@M_Glashauser","MartinGlashauser"
"308",44257,"profileSummaryViewed","https://twitter.com/",53,1432010251,"@SantorinLoL","LucasLarsen"
"309",49262,"profileSummaryViewed","https://twitter.com/",53,1432356161,"@LilyPichu","LolyPatchu"
"310",49291,"profileSummaryViewed","https://twitter.com/",53,1432384646,"@LilyPichu","LolyPatchu"
"311",49589,"profileSummaryViewed","https://twitter.com/",53,1432389282,"@SeltzerPlease","RachelQuirico"
"312",49716,"profileSummaryViewed","https://twitter.com/",53,1432445847,"@LilyPichu","LolyPatchu"
"313",49766,"profileSummaryViewed","https://twitter.com/",53,1432462128,"@NigelSlater","nigelslaterVerifizierterAccount"
"314",49782,"profileSummaryViewed","https://twitter.com/",53,1432477430,"@LilyPichu","LolyPatchu"
"315",51037,"profileSummaryViewed","https://twitter.com/",53,1432616259,"@RiotDeficio","MartinLynge"
"316",51088,"profileSummaryViewed","https://twitter.com/sjokz",53,1432616503,"@Dinglederper","dinglederper"
"317",52893,"profileSummaryViewed","https://twitter.com/",53,1432736693,NA,NA
"318",56331,"profileSummaryViewed","https://twitter.com/",53,1432868979,"@sjokz","EefjeDepoortere"
"319",56611,"profileSummaryViewed","https://twitter.com/",53,1432903483,"@RiotPendragon","SteveMescon"
"320",60817,"profileSummaryViewed","https://twitter.com/",53,1433089056,"@sjokz","EefjeDepoortere"
"321",60821,"profileSummaryViewed","https://twitter.com/",53,1433089064,"@snoopeh","StephenEllis"
"322",60829,"profileSummaryViewed","https://twitter.com/",53,1433089081,"@GarveyNYC","Garvey"
"323",60836,"profileSummaryViewed","https://twitter.com/riotjennyk",53,1433089127,"@GarveyNYC","Garvey"
"324",60837,"profileSummaryViewed","https://twitter.com/riotjennyk",53,1433089136,"@Twitch","TwitchVerifizierterAccount"
"325",60871,"profileSummaryViewed","https://twitter.com/i/notifications",53,1433089569,"@Streamer_House","StreamerHouse"
"326",61113,"profileSummaryViewed","https://twitter.com/",53,1433092921,"@ggDoA","eriklonnquist"
"327",61697,"profileSummaryViewed","https://twitter.com/majinphil",53,1433132148,"@tarakatte","Tara"
"328",62319,"profileSummaryViewed","https://twitter.com/",53,1433143797,"@Locodoco","yoon"
"329",62466,"profileSummaryViewed","https://twitter.com/",53,1433164839,"@Thooorin","DuncanShields"
"330",62493,"profileSummaryViewed","https://twitter.com/",53,1433164916,"@Thooorin","DuncanShields"
"331",62625,"profileSummaryViewed","https://twitter.com/",53,1433176078,"@LoL_France","LeagueofLegendsFR"
"332",67514,"profileSummaryViewed","https://twitter.com/i/notifications",53,1433387462,"@VelocityAus","VelocityAus"
"333",68363,"profileSummaryViewed","https://twitter.com/thursdayruns",53,1433406658,"@Rodnerbroo","Rodner"
"334",68377,"profileSummaryViewed","https://twitter.com/",53,1433411582,"@Jenownzz","Jendenise"
"335",68408,"profileSummaryViewed","https://twitter.com/jackafur",53,1433412018,"@AwkwardSiilence","Lillifur"
"336",69329,"profileSummaryViewed","https://twitter.com/itshafu",53,1433479151,"@BehkuhTweets","Becca"
"337",70577,"profileSummaryViewed","https://twitter.com/hashtag/JESUISDEFICIO?src=hash",53,1433529032,"@RiotDeficio","MartinLynge"
"338",70869,"profileSummaryViewed","https://twitter.com/",53,1433574352,"@Leahbjackson","LeahB.Jackson"
"339",70923,"profileSummaryViewed","https://twitter.com/",53,1433579456,"@WillChobra","WilliamCho"
"340",73296,"profileSummaryViewed","https://twitter.com/ggCMonteCristo/status/607199973805944833",53,1433602835,"@ggCMonteCristo","MonteCristo"
"341",73451,"profileSummaryViewed","https://twitter.com/",53,1433604122,"@ggCMonteCristo","MonteCristo"
"342",73480,"profileSummaryViewed","https://twitter.com/",53,1433604473,"@WillChobra","WilliamCho"
"343",73505,"profileSummaryViewed","https://twitter.com/",53,1433604935,NA,NA
"344",73546,"profileSummaryViewed","https://twitter.com/",53,1433608703,"@blackcookiejar","AlexanderRuhland"
"345",73579,"profileSummaryViewed","https://twitter.com/",53,1433609164,NA,NA
"346",73876,"profileSummaryViewed","https://twitter.com/",53,1433613233,"@FreezeLoL","Freeze"
"347",73906,"profileSummaryViewed","https://twitter.com/zfg111",53,1433632371,"@Giradam","Adam"
"348",73928,"profileSummaryViewed","https://twitter.com/",53,1433648783,"@SivHDtweets","RobbvanEijndhoven"
"349",73952,"profileSummaryViewed","https://twitter.com/ggCMonteCristo",53,1433649924,"@ggDoA","eriklonnquist"
"350",75337,"profileSummaryViewed","https://twitter.com/",53,1433699099,"@FroggenLoL","Froggen"
"351",78244,"profileSummaryViewed","https://twitter.com/",53,1433735144,"@RivingtonThe3rd","Rivington"
"352",78247,"profileSummaryViewed","https://twitter.com/",53,1433735155,"@SprFstJellyfish","Julia"
"353",82806,"profileSummaryViewed","https://twitter.com/majinphil",53,1433846687,"@fniure1","fniure"
"354",85352,"profileSummaryViewed","https://twitter.com/",53,1433993361,NA,NA
"355",87157,"profileSummaryViewed","https://twitter.com/",53,1434037421,"@lolesports","LoLEsports"
"356",89308,"profileSummaryViewed","https://twitter.com/Joe_Miller",53,1434221764,"@FollowDeman","LeighSmith"
"357",90107,"profileSummaryViewed","https://twitter.com/",53,1434297694,"@knbrennan","KathyBrennan"
"358",92862,"profileSummaryViewed","https://twitter.com/leena_xu",53,1434430494,"@TSMReginald","AndyDinh"
"359",93918,"profileSummaryViewed","https://twitter.com/itsprincesschu",53,1434459712,"@JustinSane","JustinSane"
"360",93921,"profileSummaryViewed","https://twitter.com/",53,1434459725,"@ZodiacMofat","CACAW|Mofat"
"361",97359,"profileSummaryViewed","https://twitter.com/majinphil",53,1434598676,"@tarakatte","Tara"
"362",98817,"profileSummaryViewed","https://twitter.com/majinphil",53,1434686629,"@tarakatte","Tara"
"363",99547,"profileSummaryViewed","https://twitter.com/majinphil",53,1434708359,"@tarakatte","Tara"
"364",99986,"profileSummaryViewed","https://twitter.com/",53,1434728121,"@sjokz","EefjeDepoortere"
"365",100030,"profileSummaryViewed","https://twitter.com/demonen9",53,1434729440,"@cosmowright","CosmoWright"
"366",100376,"profileSummaryViewed","https://twitter.com/",53,1434772411,"@RiotQuickshot","TrevorHenry"
"367",100418,"profileSummaryViewed","https://twitter.com/",53,1434788208,"@meier_flo","FlorianMeier"
"368",102045,"profileSummaryViewed","https://twitter.com/",53,1434812481,"@CLG_HotshotGG","HotshotGG"
"369",102049,"profileSummaryViewed","https://twitter.com/",53,1434812490,"@bellacaledonia","BellaCaledonia"
"370",102247,"profileSummaryViewed","https://twitter.com/",53,1434818926,"@lilsusie","SusieKim"
"371",103430,"profileSummaryViewed","https://twitter.com/",53,1434904882,"@DrewEIT","Drew"
"372",103441,"profileSummaryViewed","https://twitter.com/",53,1434904909,"@ennopp112","DennisHaugen"
"373",103552,"profileSummaryViewed","https://twitter.com/",53,1434910203,"@RiotDeficio","MartinLynge"
"374",103682,"profileSummaryViewed","https://twitter.com/",53,1434913164,"@MelonieMac","MelonieMac"
"375",103733,"profileSummaryViewed","https://twitter.com/",53,1434913282,"@Trick2g","Trick2g"
"376",104693,"profileSummaryViewed","https://twitter.com/",53,1434947277,"@LiquidNazgul","VictorGoossens"
"377",104799,"profileSummaryViewed","https://twitter.com/majinphil",53,1434949950,"@firedragon764","FiFi"
"378",105285,"profileSummaryViewed","https://twitter.com/jenslang89",53,1434967157,"@ennopp112","DennisHaugen"
"379",105351,"profileSummaryViewed","https://twitter.com/",53,1434972861,"@RiotQuickshot","TrevorHenry"
"380",105377,"profileSummaryViewed","https://twitter.com/RiotQuickshot",53,1434972917,"@sjokz","EefjeDepoortere"
"381",105729,"profileSummaryViewed","https://twitter.com/",53,1434986191,NA,NA
"382",106489,"profileSummaryViewed","https://twitter.com/",53,1435031362,"@Renegadesgg","Renegades"
"383",106507,"profileSummaryViewed","https://twitter.com/",53,1435034380,"@Sockfolder","Sockfolder"
"384",107672,"profileSummaryViewed","https://twitter.com/",53,1435118639,"@RNGCrumbz","AlbertoRengifo"
"385",107676,"profileSummaryViewed","https://twitter.com/",53,1435119669,"@leagueofemily","EmilyRand"
"386",108158,"profileSummaryViewed","https://twitter.com/",53,1435161482,"@RLewisReports","RichardLewisVerifizierterAccount"
"387",109302,"profileSummaryViewed","https://twitter.com/",53,1435292471,"@lolFroskurinn","??Froskurinn"
"388",109732,"profileSummaryViewed","https://twitter.com/",53,1435320764,"@thheb","ThomasHebes"
"389",110847,"profileSummaryViewed","https://twitter.com/",53,1435472145,"@lolFroskurinn","??Froskurinn"
"390",110885,"profileSummaryViewed","https://twitter.com/",53,1435486416,"@lolFroskurinn","??Froskurinn"
"391",111545,"profileSummaryViewed","https://twitter.com/",53,1435510084,"@DuncanSmeed","DuncanSmeed"
"392",113357,"profileSummaryViewed","https://twitter.com/",53,1435557716,NA,NA
"393",113390,"profileSummaryViewed","https://twitter.com/majinphil",53,1435562461,"@tarakatte","Tara"
"394",113403,"profileSummaryViewed","https://twitter.com/tarakatte",53,1435562510,"@MoistJoe","Moist_Joe"
"395",113492,"profileSummaryViewed","https://twitter.com/tarakatte",53,1435563062,"@GoronGuy","Daniel"
"396",117407,"profileSummaryViewed","https://twitter.com/majinphil",53,1435720987,"@tarakatte","Tara"
"397",117544,"profileSummaryViewed","https://twitter.com/zeldaspeedruns",53,1435722465,"@fniure1","fniure"
"398",122455,"profileSummaryViewed","https://twitter.com/Jenownzz",53,1435894195,"@Jenownzz","Jendenise"
"399",122828,"profileSummaryViewed","https://twitter.com/",53,1435926519,"@KoreanEdelweiss","BarryLee(???)"
"400",127518,"profileSummaryViewed","https://twitter.com/",53,1436156127,"@BunnyFuFuu","MichaelKurylo"
"401",127522,"profileSummaryViewed","https://twitter.com/",53,1436156134,"@GVCop","DavidRoberson"
"402",127537,"profileSummaryViewed","https://twitter.com/majinphil",53,1436156277,"@tarakatte","Tara"
"403",127720,"profileSummaryViewed","https://twitter.com/",53,1436168137,NA,NA
"404",127745,"profileSummaryViewed","https://twitter.com/SkumbagKrepo",53,1436168190,"@sjokz","EefjeDepoortere"
"405",128625,"profileSummaryViewed","https://twitter.com/majinphil",53,1436248737,"@tarakatte","Tara"
"406",128663,"profileSummaryViewed","https://twitter.com/tarakatte",53,1436248817,"@MoistJoe","Moist_Joe"
"407",129629,"profileSummaryViewed","https://twitter.com/majinphil",53,1436274299,"@tarakatte","Tara"
"408",133055,"profileSummaryViewed","https://twitter.com/",53,1436415796,"@RNGMonteCristo","MonteCristo"
"409",133060,"profileSummaryViewed","https://twitter.com/",53,1436415820,"@verified","VerifiedAccountsVerifizierterAccount"
"410",135378,"profileSummaryViewed","https://twitter.com/Trevperson",53,1436603131,"@DragonFire6780","DF"
"411",136738,"profileSummaryViewed","https://twitter.com/",53,1436718883,"@RiotDeficio","MartinLynge"
"412",136867,"profileSummaryViewed","https://twitter.com/Artucino",53,1436727999,"@skater82297","Skater82297"
"413",137885,"profileSummaryViewed","https://twitter.com/firedragon764",53,1436760939,"@kungfufruitcup","Kungfufruitcup"
"414",138521,"profileSummaryViewed","https://twitter.com/Jenownzz",53,1436774662,"@witwix","WitherfordWixorian"
"415",139222,"profileSummaryViewed","https://twitter.com/",53,1436797051,"@KirbyMastah","KirbyMastah"
"416",144683,"profileSummaryViewed","https://twitter.com/PapaSmithy",53,1437020481,"@ggDoA","eriklonnquist"
"417",149837,"profileSummaryViewed","https://twitter.com/firedragon764",53,1437195023,"@kungfufruitcup","Kungfufruitcup"
"418",149856,"profileSummaryViewed","https://twitter.com/",53,1437197379,"@RNGMonteCristo","MonteCristo"
"419",150600,"profileSummaryViewed","https://twitter.com/",53,1437215687,"@delsweil","DavidElsweiler"
"420",150746,"profileSummaryViewed","https://twitter.com/",53,1437216942,"@thepchapin","PatrickChapin"
"421",150976,"profileSummaryViewed","https://twitter.com/",53,1437219464,NA,NA
"422",152097,"profileSummaryViewed","https://twitter.com/",53,1437304160,NA,NA
"423",152386,"profileSummaryViewed","https://twitter.com/majinphil",53,1437305889,"@tarakatte","Tara"
"424",155255,"profileSummaryViewed","https://twitter.com/",53,1437451338,"@marissamayer","marissamayerVerifizierterAccount"
"425",155957,"profileSummaryViewed","https://twitter.com/search?q=rodnerbroo&src=typd",53,1437491632,"@Rodnerbroo","Rodner"
"426",156182,"profileSummaryViewed","https://twitter.com/",53,1437496758,"@x_lauren07","Lauren"
"427",157238,"profileSummaryViewed","https://twitter.com/",53,1437538232,"@ActuallyNPH","NeilPatrickHarrisVerifizierterAccount"
"428",157257,"profileSummaryViewed","https://twitter.com/hashtag/MonteCristo?src=hash",53,1437538984,NA,NA
"429",157889,"profileSummaryViewed","https://twitter.com/",53,1437575673,"@RNGMonteCristo","MonteCristo"
"430",158897,"profileSummaryViewed","https://twitter.com/",53,1437618861,"@NASA","NASAVerifizierterAccount"
"431",159018,"profileSummaryViewed","https://twitter.com/tarakatte",53,1437625132,NA,NA
"432",163489,"profileSummaryViewed","https://twitter.com/",53,1437801293,NA,NA
"433",163507,"profileSummaryViewed","https://twitter.com/witwix",53,1437801339,"@Jenownzz","Jendenise"
"434",163932,"profileSummaryViewed","https://twitter.com/",53,1437822489,"@sjokz","EefjeDepoortere"
"435",163957,"profileSummaryViewed","https://twitter.com/sjokz/status/624776519647383552",53,1437822534,"@Kaddayy","KathyChing"
"436",164121,"profileSummaryViewed","https://twitter.com/Rodnerbroo",53,1437836826,NA,NA
"437",165621,"profileSummaryViewed","https://twitter.com/",53,1437913243,NA,NA
"438",167036,"profileSummaryViewed","https://twitter.com/",53,1437969278,"@Takarita324","Takarita"
"439",167550,"profileSummaryViewed","https://twitter.com/",53,1438013694,"@SLittleJenny","Jenny"
"440",167554,"profileSummaryViewed","https://twitter.com/",53,1438013708,"@BridgetDavidson","BridgetDavidson"
"441",168456,"profileSummaryViewed","https://twitter.com/search?q=Katrin&src=tren",53,1438099755,"@dagibee","D?GIVerifizierterAccount"
"442",169909,"profileSummaryViewed","https://twitter.com/itsprincesschu",53,1438178617,"@JustinSane","JustinSane"
"443",170390,"profileSummaryViewed","https://twitter.com/TempoEloise",53,1438199306,"@TempoReynad","reynad"
"444",26193,"profileSummaryViewed","https://twitter.com/",55,1430927556,"@mbfuchs","Markus"
"445",26214,"profileSummaryViewed","https://twitter.com/",55,1430927648,"@Astro_Alex","AlexanderGerstVerifizierterAccount"
"446",24063,"profileSummaryViewed","https://twitter.com/search?q=heavyocity&src=typd",57,1430651450,"@HeavyocityMedia","HeavyocityMedia"
"447",24075,"profileSummaryViewed","https://twitter.com/search?q=soundiron&src=typd",57,1430651462,"@soundiron","Soundiron"
"448",24887,"profileSummaryViewed","https://twitter.com/search?q=amsterdam%20klezmer%20band&src=typd",57,1430764220,"@adamklezmer","A'damKlezmerBand"
"449",37489,"profileSummaryViewed","https://twitter.com/",57,1431685867,"@literaturetea","Literature&Tea"
"450",26537,"profileSummaryViewed","https://twitter.com/",63,1430930854,"@tferriss","TimFerrissVerifizierterAccount"
"451",28434,"profileSummaryViewed","https://twitter.com/kienan/status/596828798424715264",63,1431155776,"@kienan","KienanClute"
"452",55928,"profileSummaryViewed","https://twitter.com/",63,1432837170,"@JulienHimself","JulienBlanc"
"453",55944,"profileSummaryViewed","https://twitter.com/search?q=tim%20feriss&src=typd",63,1432837806,"@tferriss","TimFerrissVerifizierterAccount"
"454",78691,"profileSummaryViewed","https://twitter.com/",63,1433753101,"@ChrisRyanPhD","ChristopherRyan"
"455",143634,"profileSummaryViewed","https://twitter.com/search?q=james%20clear&src=typd",63,1436982185,"@james_clear","JamesClear"
"456",32709,"profileSummaryViewed","https://twitter.com/",66,1431467650,"@Westerwave","GuidoWesterwave"
"457",30973,"profileSummaryViewed","https://twitter.com/",68,1431410225,"@PandaInSp4ce","PandaUniverse"
"458",33331,"profileSummaryViewed","https://twitter.com/i/notifications",68,1431550965,"@schoepb","FrauS."
"459",33927,"profileSummaryViewed","https://twitter.com/i/notifications",68,1431590442,"@mradamjack","UnderBellyComics"
"460",34068,"profileSummaryViewed","https://twitter.com/i/notifications",68,1431595422,"@alibi_ranch","Lara"
"461",38147,"profileSummaryViewed","https://twitter.com/",68,1431715147,"@Orach78","KnowsNothing"
"462",39347,"profileSummaryViewed","https://twitter.com/i/notifications?filter=all",68,1431768226,NA,NA
"463",40564,"profileSummaryViewed","https://twitter.com/",68,1431801321,NA,NA
"464",40584,"profileSummaryViewed","https://twitter.com/i/notifications",68,1431802090,NA,NA
"465",41028,"profileSummaryViewed","https://twitter.com/",68,1431815445,"@Blue_Eyes_fun","BlueEyesGeschützteTweets"
"466",41168,"profileSummaryViewed","https://twitter.com/",68,1431852879,"@lesmoureal","SmudoVerifizierterAccount"
"467",41959,"profileSummaryViewed","https://twitter.com/",68,1431876677,"@Ephourita","??·Sam"
"468",42314,"profileSummaryViewed","https://twitter.com/i/notifications",68,1431881272,"@kaiser_wi","KaiserWi"
"469",42623,"profileSummaryViewed","https://twitter.com/",68,1431882997,"@PandaInSp4ce","Pandude"
"470",45341,"profileSummaryViewed","https://twitter.com/",68,1432103877,"@HookedMagazin","Hooked"
"471",45434,"profileSummaryViewed","https://twitter.com/i/notifications",68,1432104249,"@LottaPeng","LottaPeng"
"472",45738,"profileSummaryViewed","https://twitter.com/",68,1432106966,"@gamescom","gamescom"
"473",47965,"profileSummaryViewed","https://twitter.com/",68,1432240276,"@Pecksbyr","MadBex"
"474",48229,"profileSummaryViewed","https://twitter.com/i/notifications",68,1432245694,"@Pecksbyr","MadBex"
"475",50389,"profileSummaryViewed","https://twitter.com/i/notifications",68,1432580194,"@buttersack","HansButtersack"
"476",51652,"profileSummaryViewed","https://twitter.com/i/notifications",68,1432663475,"@syndikalist_in","Holla,thewoodfairy"
"477",52463,"profileSummaryViewed","https://twitter.com/i/notifications",68,1432675666,"@1deutig2deutig","Stäubchen"
"478",52637,"profileSummaryViewed","https://twitter.com/",68,1432702816,"@WhoIsYade","YadeyPoe"
"479",53369,"profileSummaryViewed","https://twitter.com/",68,1432759626,"@Rikku_Revenge","KatvanLee"
"480",54438,"profileSummaryViewed","https://twitter.com/",68,1432795841,"@BelliBell","Annabell"
"481",57115,"profileSummaryViewed","https://twitter.com/",68,1432977902,"@Bajahui","FräuleinEigentlich"
"482",57689,"profileSummaryViewed","https://twitter.com/i/notifications",68,1432984862,"@lonely_kittie","unicornprincess"
"483",58516,"profileSummaryViewed","https://twitter.com/i/notifications",68,1433022183,"@1deutig2deutig","Stäubchen"
"484",58923,"profileSummaryViewed","https://twitter.com/i/notifications",68,1433027145,"@Sternenrot","T."
"485",58946,"profileSummaryViewed","https://twitter.com/i/notifications",68,1433029356,"@ShannonPalmen","ShannonPalmen"
"486",58950,"profileSummaryViewed","https://twitter.com/i/notifications",68,1433029369,NA,NA
"487",58994,"profileSummaryViewed","https://twitter.com/",68,1433030439,"@Scheinprobleme","Scheinprobleme"
"488",59773,"profileSummaryViewed","https://twitter.com/i/notifications",68,1433072085,"@JohnEdwards33","CllrJohnEdwards"
"489",60037,"profileSummaryViewed","https://twitter.com/i/notifications",68,1433074378,"@monasherona","SuperMona"
"490",62852,"profileSummaryViewed","https://twitter.com/",68,1433185389,"@YouTube","YouTubeVerifizierterAccount"
"491",66925,"profileSummaryViewed","https://twitter.com/",68,1433358763,"@IvyImHaus","IvyImHaus"
"492",69394,"profileSummaryViewed","https://twitter.com/i/notifications",68,1433483305,"@BIgumnov","???????????"
"493",72011,"profileSummaryViewed","https://twitter.com/",68,1433587984,"@deviumvarg","Phekki."
"494",72237,"profileSummaryViewed","https://twitter.com/i/notifications",68,1433588875,"@tearsdreamshope","Luiza"
"495",72344,"profileSummaryViewed","https://twitter.com/search?q=ursula%20k%20le%20guin&src=typd",68,1433589635,NA,NA
"496",72443,"profileSummaryViewed","https://twitter.com/",68,1433591641,"@MadMaxUniverse","MadMaxUniverse"
"497",74714,"profileSummaryViewed","https://twitter.com/",68,1433689449,"@feenzeit","MadameSchrön"
"498",74752,"profileSummaryViewed","https://twitter.com/",68,1433689732,"@van_Roehlek","S.vanRoehlek"
"499",74784,"profileSummaryViewed","https://twitter.com/van_Roehlek",68,1433690804,"@openmedi","MartinHähnel"
"500",75091,"profileSummaryViewed","https://twitter.com/",68,1433696976,"@Moniniuss","Moni"
"501",76707,"profileSummaryViewed","https://twitter.com/",68,1433712179,"@mandarine_one","antonym"
"502",77177,"profileSummaryViewed","https://twitter.com/i/notifications",68,1433714369,"@AidenItami","RileyPendelton"
"503",80190,"profileSummaryViewed","https://twitter.com/i/notifications",68,1433792943,NA,NA
"504",81372,"profileSummaryViewed","https://twitter.com/",68,1433804451,"@infinitycat","InfinityCatVerifizierterAccount"
"505",84409,"profileSummaryViewed","https://twitter.com/i/notifications",68,1433956276,"@z3ebe","Z3E.BE"
"506",84616,"profileSummaryViewed","https://twitter.com/i/notifications",68,1433959912,"@mooncalfe1","SophieCampbell"
"507",84665,"profileSummaryViewed","https://twitter.com/",68,1433962355,NA,NA
"508",84746,"profileSummaryViewed","https://twitter.com/i/notifications",68,1433963383,"@mooncalfe1","SophieCampbell"
"509",84762,"profileSummaryViewed","https://twitter.com/i/notifications",68,1433963505,"@lonely_kittie","unicornprincess"
"510",90348,"profileSummaryViewed","https://twitter.com/i/notifications",68,1434308341,"@AdrianMartin25","AdrianMartin"
"511",90586,"profileSummaryViewed","https://twitter.com/Philae2014/status/610047412036595712",68,1434313507,"@Philae2014","PhilaeLanderVerifizierterAccount"
"512",90758,"profileSummaryViewed","https://twitter.com/",68,1434314826,"@Sinnflucht","Sinnflucht"
"513",92232,"profileSummaryViewed","https://twitter.com/",68,1434400891,"@GillyBerlin","GillyVanilly?"
"514",92317,"profileSummaryViewed","https://twitter.com/",68,1434401714,NA,NA
"515",94681,"profileSummaryViewed","https://twitter.com/i/notifications",68,1434523860,NA,NA
"516",99377,"profileSummaryViewed","https://twitter.com/",68,1434699485,"@outerspace_girl","Roboklops"
"517",99431,"profileSummaryViewed","https://twitter.com/",68,1434700400,"@WhiteHouse","TheWhiteHouseVerifizierterAccount"
"518",100441,"profileSummaryViewed","https://twitter.com/i/notifications",68,1434791465,"@WolfskinLux","WolfskinLux"
"519",100442,"profileSummaryViewed","https://twitter.com/i/notifications",68,1434791478,"@ProGaming_World","TokoKipo"
"520",100443,"profileSummaryViewed","https://twitter.com/i/notifications",68,1434791489,"@Wildfang_vs","Wildfang"
"521",100470,"profileSummaryViewed","https://twitter.com/i/notifications",68,1434791607,"@bakana_yatsu","David"
"522",100602,"profileSummaryViewed","https://twitter.com/",68,1434792329,NA,NA
"523",100642,"profileSummaryViewed","https://twitter.com/",68,1434792586,"@PandaInSp4ce","PandaRockatansky"
"524",101136,"profileSummaryViewed","https://twitter.com/",68,1434796773,"@ELCAFest","ELCAF"
"525",102401,"profileSummaryViewed","https://twitter.com/",68,1434829852,NA,NA
"526",102891,"profileSummaryViewed","https://twitter.com/i/notifications",68,1434878854,NA,NA
"527",103203,"profileSummaryViewed","https://twitter.com/",68,1434882801,"@Cyberchamaeleon","FrauGummibärchen"
"528",103393,"profileSummaryViewed","https://twitter.com/i/notifications",68,1434885754,NA,NA
"529",103584,"profileSummaryViewed","https://twitter.com/i/notifications",68,1434910786,"@MikaMurstein","MikaMurstein"
"530",103715,"profileSummaryViewed","https://twitter.com/",68,1434913186,"@lonely_kittie","unicornprincess"
"531",111386,"profileSummaryViewed","https://twitter.com/",68,1435507933,"@Diokhani","?z?c???GeschützteTweets"
"532",111541,"profileSummaryViewed","https://twitter.com/",68,1435510072,"@HerrConsolero","HerrConsolero"
"533",111727,"profileSummaryViewed","https://twitter.com/",68,1435511072,NA,NA
"534",111747,"profileSummaryViewed","https://twitter.com/",68,1435511122,"@TimRozenski","TimRozenski"
"535",111766,"profileSummaryViewed","https://twitter.com/",68,1435511184,"@lonely_kittie","unicornprincess"
"536",111809,"profileSummaryViewed","https://twitter.com/beetlebum",68,1435511944,"@Leafvangenova","KatjaKlengel"
"537",111915,"profileSummaryViewed","https://twitter.com/hashtag/sketchcl%C3%A4sh?src=hash",68,1435512298,"@Lizzlizz","LizzLunney"
"538",111928,"profileSummaryViewed","https://twitter.com/i/notifications",68,1435513103,"@1deutig2deutig","Stäubchen"
"539",112319,"profileSummaryViewed","https://twitter.com/",68,1435515526,"@die_falknerin","KatWummen"
"540",112421,"profileSummaryViewed","https://twitter.com/",68,1435516741,"@Handyfeuer","elli"
"541",112426,"profileSummaryViewed","https://twitter.com/",68,1435516776,"@nightxade","RepublicofXadia"
"542",112504,"profileSummaryViewed","https://twitter.com/i/notifications",68,1435517523,"@Minaru92","Minaru"
"543",112572,"profileSummaryViewed","https://twitter.com/i/notifications",68,1435518285,"@beetlebum","BEETLEBUM"
"544",112676,"profileSummaryViewed","https://twitter.com/i/notifications",68,1435518505,"@DerSchom","Léon"
"545",112678,"profileSummaryViewed","https://twitter.com/i/notifications",68,1435518517,"@beetlebum","BEETLEBUM"
"546",114738,"profileSummaryViewed","https://twitter.com/",68,1435605338,"@milch_honig","milchhonig"
"547",116217,"profileSummaryViewed","https://twitter.com/i/notifications",68,1435688112,"@arcee42","Lari"
"548",116613,"profileSummaryViewed","https://twitter.com/i/notifications",68,1435689169,"@SaScala","SabineWolf"
"549",117307,"profileSummaryViewed","https://twitter.com/",68,1435698544,"@reireiregret","???VISTMAMA"
"550",118315,"profileSummaryViewed","https://twitter.com/",68,1435775991,"@freematik","Freematik"
"551",118424,"profileSummaryViewed","https://twitter.com/i/notifications",68,1435778136,"@Queen_of_Exil","HerMajesty"
"552",118433,"profileSummaryViewed","https://twitter.com/",68,1435778251,"@FloriKuni","qnuke"
"553",118504,"profileSummaryViewed","https://twitter.com/",68,1435779050,NA,NA
"554",121477,"profileSummaryViewed","https://twitter.com/",68,1435863978,"@kateleth","KateLeth"
"555",122248,"profileSummaryViewed","https://twitter.com/",68,1435870307,"@ComicVine","ComicVine"
"556",123503,"profileSummaryViewed","https://twitter.com/",68,1435959589,NA,NA
"557",123643,"profileSummaryViewed","https://twitter.com/i/notifications",68,1435961001,"@MaggieMaxwelll","MaggieMawxwell"
"558",125480,"profileSummaryViewed","https://twitter.com/favorites",68,1436021709,"@doppeltim","TimGaedke"
"559",127145,"profileSummaryViewed","https://twitter.com/",68,1436126446,"@self_mate","?ys?lf"
"560",128327,"profileSummaryViewed","https://twitter.com/i/notifications",68,1436206702,"@hortah01","AndrewHorton"
"561",128423,"profileSummaryViewed","https://twitter.com/",68,1436209094,"@Frufus","Nico"
"562",128455,"profileSummaryViewed","https://twitter.com/i/notifications",68,1436209379,"@geminsnn4","Gemini"
"563",128853,"profileSummaryViewed","https://twitter.com/",68,1436264260,"@offworld","Offworld"
"564",129040,"profileSummaryViewed","https://twitter.com/i/notifications",68,1436265975,"@hoplin","H.Hoplin"
"565",129182,"profileSummaryViewed","https://twitter.com/",68,1436267008,"@CSM_Berlin","Computerspielemuseum"
"566",130797,"profileSummaryViewed","https://twitter.com/i/notifications",68,1436300159,"@htbxEmo","Emosbloodshot"
"567",131388,"profileSummaryViewed","https://twitter.com/i/notifications",68,1436337576,"@GamingJane","GameJane"
"568",133277,"profileSummaryViewed","https://twitter.com/",68,1436420576,NA,NA
"569",134047,"profileSummaryViewed","https://twitter.com/",68,1436476442,"@Nicksnacs4u","Nicksnacs4u"
"570",135072,"profileSummaryViewed","https://twitter.com/",68,1436599007,"@comicsalliance","ComicsAlliance"
"571",136001,"profileSummaryViewed","https://twitter.com/",68,1436696941,"@mgtgecko","SebastianJäger"
"572",136326,"profileSummaryViewed","https://twitter.com/i/notifications",68,1436699831,"@MOUNTAINGRAPH","??MOUNTAINGRAPHICS"
"573",136327,"profileSummaryViewed","https://twitter.com/i/notifications",68,1436699843,"@thegeekageddon","Geekageddon"
"574",136447,"profileSummaryViewed","https://twitter.com/",68,1436701063,"@sofakissen","Sofakissen"
"575",137416,"profileSummaryViewed","https://twitter.com/",68,1436733450,"@R4nd4l3R4lf","thebigbeardedwolf"
"576",137554,"profileSummaryViewed","https://twitter.com/",68,1436734526,"@R1kum","[GPM]Samsa(13)"
"577",137614,"profileSummaryViewed","https://twitter.com/",68,1436734740,"@MatPatGT","MatthewPatrick"
"578",137662,"profileSummaryViewed","https://twitter.com/",68,1436735172,"@spelunkenjenny","spelunkenjenny"
"579",140430,"profileSummaryViewed","https://twitter.com/",68,1436850198,"@SaraHook8","SaraHook"
"580",143771,"profileSummaryViewed","https://twitter.com/",68,1436982734,"@lonely_kittie","unicornprincess"
"581",143919,"profileSummaryViewed","https://twitter.com/",68,1436986847,"@seitenspringen","ReMi"
"582",146911,"profileSummaryViewed","https://twitter.com/",68,1437078124,"@PandaInSp4ce","Cpt.Mistmatz//0"
"583",148134,"profileSummaryViewed","https://twitter.com/",68,1437119002,"@spd0711","SPDStuttgart"
"584",150339,"profileSummaryViewed","https://twitter.com/",68,1437212348,"@Mellatonin","Mella"
"585",153041,"profileSummaryViewed","https://twitter.com/",68,1437319720,"@Queen_of_Exil","HerMajesty"
"586",153616,"profileSummaryViewed","https://twitter.com/",68,1437330567,"@dwarhob","Ottermädchen"
"587",156970,"profileSummaryViewed","https://twitter.com/",68,1437507110,"@Teufelsweiblein","Keksgöttin"
"588",157057,"profileSummaryViewed","https://twitter.com/",68,1437510345,"@Queen_of_Exil","HerMajesty"
"589",159179,"profileSummaryViewed","https://twitter.com/",68,1437642549,"@gagaship","capitanoconfetti"
"590",159286,"profileSummaryViewed","https://twitter.com/",68,1437643515,"@JUNIQEARTSHOP","JUNIQE"
"591",159415,"profileSummaryViewed","https://twitter.com/",68,1437644599,"@slightlylate","AlexRussell"
"592",159462,"profileSummaryViewed","https://twitter.com/",68,1437644939,"@PandaInSp4ce","Panda//9"
"593",159502,"profileSummaryViewed","https://twitter.com/",68,1437645191,"@a_ka_es","AndreaK-S"
"594",159524,"profileSummaryViewed","https://twitter.com/",68,1437645288,"@CaptainSchnitzl","Christian"
"595",160176,"profileSummaryViewed","https://twitter.com/",68,1437651982,"@TallestHedgehog","AnnaIgel"
"596",160809,"profileSummaryViewed","https://twitter.com/",68,1437660474,"@w4mp3","Wampe"
"597",160813,"profileSummaryViewed","https://twitter.com/",68,1437660477,NA,NA
"598",161245,"profileSummaryViewed","https://twitter.com/",68,1437685289,"@lightsneeze","alightsneeze"
"599",161332,"profileSummaryViewed","https://twitter.com/i/notifications",68,1437685663,"@WomenNMedia","WomeninMedia"
"600",163106,"profileSummaryViewed","https://twitter.com/",68,1437770591,NA,NA
"601",163270,"profileSummaryViewed","https://twitter.com/",68,1437774367,"@Cmdr_Hadfield","ChrisHadfieldVerifizierterAccount"
"602",163865,"profileSummaryViewed","https://twitter.com/",68,1437822046,"@Nilz_11","Nilz"
"603",164557,"profileSummaryViewed","https://twitter.com/",68,1437849629,"@meerisch","Straightupsugar."
"604",165170,"profileSummaryViewed","https://twitter.com/",68,1437906946,"@Lenaturnsgreen","Lena"
"605",165898,"profileSummaryViewed","https://twitter.com/",68,1437919194,"@ScaredLucy","ScaredLucy"
"606",166365,"profileSummaryViewed","https://twitter.com/",68,1437943902,"@CaeVye","CaeVye"
"607",166428,"profileSummaryViewed","https://twitter.com/",68,1437944132,"@madame_tongtong","chérie"
"608",168710,"profileSummaryViewed","https://twitter.com/i/notifications",68,1438109156,"@FoinB","FoinB"
"609",170141,"profileSummaryViewed","https://twitter.com/",68,1438192561,NA,NA
"610",170277,"profileSummaryViewed","https://twitter.com/",68,1438197896,"@KasuomiRetro","KasuomiRetro"
"611",55097,"profileSummaryViewed","https://twitter.com/",80,1432808972,"@delsweil","DavidElsweiler"
"612",68864,"profileSummaryViewed","https://twitter.com/bennytheshap",84,1433439710,"@_youhadonejob","Youhadonejob"
"613",68875,"profileSummaryViewed","https://twitter.com/bennytheshap",84,1433439734,"@_youhadonejob","Youhadonejob"
"614",79793,"profileSummaryViewed","https://twitter.com/famlikefamily/status/607692617330094080",84,1433779942,"@AaronMichaelG","AaronMGutierrez"
"615",79810,"profileSummaryViewed","https://twitter.com/AaronMichaelG",84,1433780031,"@ChildishNews","ChildishNews"
"616",83062,"profileSummaryViewed","https://twitter.com/search?q=krob&src=typd&vertical=default&f=users",84,1433863966,"@krob","KevinRobinson"
"617",83239,"profileSummaryViewed","https://twitter.com/search?q=bo%20begole&src=typd",84,1433874033,NA,NA
"618",83246,"profileSummaryViewed","https://twitter.com/search?q=bo%20begole&src=typd",84,1433874040,"@begolej","BoBegole"
"619",83293,"profileSummaryViewed","https://twitter.com/",84,1433874113,"@nest","NestVerifiedaccount"
"620",83918,"profileSummaryViewed","https://twitter.com/",84,1433879590,"@_youhadonejob","Youhadonejob"
"621",87208,"profileSummaryViewed","https://twitter.com/i/notifications",84,1434041705,"@jwnichls","JeffreyNichols"
"622",94156,"profileSummaryViewed","https://twitter.com/",84,1434478759,"@joelmchale","JoelMcHaleVerifiedaccount"
"623",94169,"profileSummaryViewed","https://twitter.com/",84,1434478800,"@lexees","alexis"
"624",94184,"profileSummaryViewed","https://twitter.com/",84,1434478840,"@skepticalsports","BenjaminMorrisVerifiedaccount"
"625",99904,"profileSummaryViewed","https://twitter.com/fthc",84,1434725972,"@frankturner","FrankTurnerVerifiedaccount"
"626",99934,"profileSummaryViewed","https://twitter.com/stanafergay",84,1434726980,"@Hammbear","HBear"
"627",100292,"profileSummaryViewed","https://twitter.com/",84,1434745342,"@TwatBibIe","TheTwatBible"
"628",105832,"profileSummaryViewed","https://twitter.com/search?q=%40seinfeldtoday&src=typd",84,1435000809,NA,NA
"629",107387,"profileSummaryViewed","https://twitter.com/",84,1435083927,"@xkcdbracket","XKCDBracket"
"630",94923,"profileSummaryViewed","https://twitter.com/search?q=pie%20charts&src=typd",96,1434528949,"@tschneidermeier","Tim"
"631",86375,"profileSummaryViewed","https://twitter.com/",100,1434011667,"@colleenmacklin","ColleenMacklin"
"632",86383,"profileSummaryViewed","https://twitter.com/i/notifications",100,1434011694,"@zboarda","TimothyKist"
"633",86387,"profileSummaryViewed","https://twitter.com/i/notifications",100,1434011707,"@MLHacks","MajorLeagueHacking"
"634",86407,"profileSummaryViewed","https://twitter.com/search?q=timanda%20harkness&src=typd",100,1434012655,"@TimandraHarknes","TimandraHarkness"
"635",86989,"profileSummaryViewed","https://twitter.com/search?q=Taye%20Diggs&src=tyah",100,1434029668,"@TayeDiggs","TayeDiggsVerifiedaccount"
"636",86991,"profileSummaryViewed","https://twitter.com/search?q=Taye%20Diggs&src=tyah",100,1434029679,"@FameLabUK","FameLabUK"
"637",87862,"profileSummaryViewed","https://twitter.com/",101,1434153463,"@NoelFB","NoelBerry"
"638",109201,"profileSummaryViewed","https://twitter.com/",101,1435266959,"@lisawrayz","LisaWray"
"639",113733,"profileSummaryViewed","https://twitter.com/i/notifications",102,1435577432,"@herr_wetzel","RichardWetzel"
"640",140899,"profileSummaryViewed","https://twitter.com/search?q=uselessandlost&src=typd",102,1436880602,NA,NA
"641",141030,"profileSummaryViewed","https://twitter.com/i/notifications",102,1436887403,"@FaceResearch","FACE"
"642",141032,"profileSummaryViewed","https://twitter.com/i/notifications",102,1436887409,"@leonfrancoo","LeonFranco"
"643",141034,"profileSummaryViewed","https://twitter.com/i/notifications",102,1436887422,"@WileyEd","EdWiley"
"644",141082,"profileSummaryViewed","https://twitter.com/search?q=misswannabethin&src=typd",102,1436890722,"@worldofsorrow","DeadInside?"
"645",141123,"profileSummaryViewed","https://twitter.com/search?q=micusan&src=typd",102,1436890895,"@micaelaailenn","Micusan"
"646",87298,"profileSummaryViewed","https://twitter.com/i/notifications",103,1434044207,"@omgitstheash","AntiEffervescence"
"647",87304,"profileSummaryViewed","https://twitter.com/",103,1434044255,"@jdmar3","JohnD.MartinIII"
"648",87389,"profileSummaryViewed","https://twitter.com/i/notifications",103,1434049829,"@88Grinberg","SydneyMorales"
"649",104626,"profileSummaryViewed","https://twitter.com/",103,1434942380,NA,NA
"650",104634,"profileSummaryViewed","https://twitter.com/omgitstheash/status/612359178988994560",103,1434942407,"@omgitstheash","AntiEffervescence"
"651",106193,"profileSummaryViewed","https://twitter.com/i/notifications",103,1435008483,"@jessemarieshort","JessShort"
"652",106194,"profileSummaryViewed","https://twitter.com/i/notifications",103,1435008492,NA,NA
"653",106387,"profileSummaryViewed","https://twitter.com/i/notifications",103,1435026707,"@TheNewMoneyShow","Strategy&Execution"
"654",107447,"profileSummaryViewed","https://twitter.com/i/notifications",103,1435088130,"@livinglabsnet","CLEFLivingLab"
"655",107449,"profileSummaryViewed","https://twitter.com/i/notifications",103,1435088136,"@IRtalk","ILPSUvA"
"656",107451,"profileSummaryViewed","https://twitter.com/i/notifications",103,1435088141,"@ShirKi","ShiriDori-Hacohen"
"657",107454,"profileSummaryViewed","https://twitter.com/i/notifications",103,1435088146,"@eugeneAgichtein","EugeneAgichtein"
"658",107455,"profileSummaryViewed","https://twitter.com/i/notifications",103,1435088151,"@antoinetranat","AntoineTran"
"659",93382,"profileSummaryViewed","https://twitter.com/meier_flo?lang=en-gb",106,1434441369,"@meier_flo","FlorianMeier"
